{
    "mse": 2.9662681324032807e+19,
    "rmse": 5446345685.322665,
    "mae": 3664977736.812918,
    "r2": 0.7736379877078364,
    "samples_test": 4128
}