{
    "mse": 0.1973657258228046,
    "rmse": 0.44425862492787305,
    "mae": 0.3132916606167381,
    "r2": 0.8024077642001091
}